{
  "apps" : [{
    "name"      : "vind",
    "script"    : "bin/www",
    "env_prod" : {
      "NODE_ENV": "production",
      "MONGO_URL": "mongodb://user:pass@proximus.modulusmongo.net:27017/yryqA5wo"
    }
  }],
  "deploy" : {
    "prod" : {
      "user" : "root",
      "host" : "104.236.186.249",
      "ref"  : "origin/master",
      "repo" : "https://github.com/smtcs/vindinium.git",
      "path" : "/root/vind-client",
      "post-deploy" : "pm2 startOrRestart ecosystem.json --env production"
    }
  }
}
